353766876400,gmkYKqF26sm4W0S
353766876401,4uG4RdDRokI8Ksz
353766876402,gMHLdSx1X3yiMB5
353766876403,O47U7Ksv759t494
353766876404,PbF0dsL2ndjd83n
353766876405,XHAN6xNrGGJj71i
353766876406,24f130ukq2mHBHK
353766876407,g49dVwy0HIv544E
353766876408,yf4jL3ob12ZA94o
353766876409,xl8EjD4fG9s25IH
353766876410,HPhugu54cq9fcEi
353766876411,FvjGq9Op7IvfDcv
353766876412,uJe5KF4X5LlI0Dg
353766876413,914wi5bJ6ZO3MVG
353766876414,eFet6wvHauwm359
353766876415,c46Ebv8vqB0DPhR
353766876416,3rd9Eg7g6G96DMz
353766876417,CFSyNvszn0HJ3Ko
353766876418,F2qwm4z8f5nLi0k
353766876419,jK3CDjmw6z0HlW7
353766876420,TaaJ7EBhkI9LCu5
353766876421,LGK9boZDjj2hfuz
353766876422,NeMWy0dJwAibNRD
353766876423,gDt6nrH96912Sj0
353766876424,U5dDDoFck6GC8hw
353766876425,925L87kvb6wFj8R
353766876426,QjBC8wyw399fwY3
353766876427,9uQU8tpidB7dm4e
353766876428,w2eY47EFC8f8csR
353766876429,Zy3Iv4fv7yNwHeJ
353766876430,JJ1btc6Y6Y0lNM4
353766876431,oxHBh9D8fEID7oB
353766876432,vhXYyi68FnhWjU0
353766876433,77flE1RqwoyDjU2
353766876434,6FLzUFu79nMhEs2
353766876435,JIjFx8LDPIE46i8
353766876436,LgdU9y3AAGHpjcj
353766876437,gKEqEeoG0I2HkKT
353766876438,xFcLrLeZ0L5rC97
353766876439,7DD0h1poKeHf62W
353766876440,9RhCiK56xs140vH
353766876441,5lL3iOW0N5J9mbl
353766876442,Ehi0l49Kx825p3c
353766876443,58pk12mw3PSi2Zs
353766876444,4ooLdlkuoXiC0p4
353766876445,NFP7iP0EF89pXGa
353766876446,ci6n6FC0tn8xFT4
353766876447,E62f2BXvD1somIl
353766876448,d49lN8j2wvBe53x
353766876449,d3ked671wG134ow
353766876450,8g7dnBTHBzp5Cq3
353766876451,Ftc6z2XwY80avAq
353766876452,c57k0x6p6G0Gdze
353766876453,1VW9Fcr0i4ucgjJ
353766876454,4J3yw80vDSPHYfM
353766876455,H49Cmeq04FO7jFc
353766876456,G7geykXj8BgAq24
353766876457,6dKoj6C7aKTCy9a
353766876458,3e0oeHHeaZR7vTz
353766876459,l1BL6F2qdp2Sf7v
353766876460,4a4o2g953s7zgHk
353766876461,v8LdE0KOiK0FOA5
353766876462,A38m4DyvO67cJB7
353766876463,8Xqk6Q56H779l7w
353766876464,t5cnmK2q4sFD1ZE
353766876465,2bE33kJ8I7NTprm
353766876466,A34zaO05C2Chey0
353766876467,i8XI1LK9aEXy0u9
353766876468,KegeK14uiv9x6eq
353766876469,39JcMZT7Is9Yzm8
353766876470,ZWmm1CJ9h2G626u
353766876471,l6JeyD8G4nK2rv4
353766876472,fXF2gz8cHoh0GQt
353766876473,eH2bnYAx6Ow547Q
353766876474,k6vF0Al9Dh0ADx7
353766876475,H6jfDeHj2d218x2
353766876476,UOC26L48K2v3X7S
353766876477,9OJKd671JT7A3ww
353766876478,vqLrS5F3ohHelXi
353766876479,ArdBL5nIqGGX837
353766876480,7D8AfNf855wi6B8
353766876481,i06UbbDEG9jwg5G
353766876482,1KpnvBR2K1K7Ssu
353766876483,H91B2uI4xs2FkqB
353766876484,F04bqkFhiY47TvK
353766876485,j7vLN8eEb3qseQA
353766876486,92oFNdUp1NdJ23A
353766876487,8o6369JwQ9589iv
353766876488,DOh8DMRz98a314U
353766876489,5HBf4xm78zcwZGE
353766876490,jmlrhf7f836kB9o
353766876491,378r92TxRIN3H28
353766876492,5RdWo997IEZj94i
353766876493,e4wBp6G05yYFzgs
353766876494,77uxhqGlujEWeqE
353766876495,hLK7T206nM9g2d0
353766876496,W856gmcL0652fa2
353766876497,58ymg6Uh5faqUBx
353766876498,Unk4Dl7pJA018ev
353766876499,vUvA42JsvAX9T9q
353766876500,i3t1hLEcNoH87aH
353766876501,hRD1m3RP0hsUiFD
353766876502,kDb5cKLyjz1vbj5
353766876503,bX00w55K8m1z3L9
353766876504,T4xy11G1wS6Pvv0
353766876505,YFOSlgGpOB02yjm
353766876506,CA5fylDOyApK3za
353766876507,lSnkEil72AeDh1n
353766876508,Kg7faa73eA2008m
353766876509,EcQK2PT1Bbs9JiM
